,Dtype,NumberofNans,count,unique_values_count,top_unique_value,top_unique_value_freq,mean,std,min,25%,50%,75%,max,list_unique_values
Store,int64,0,45.0,,,,23.0,13.133925536563698,1.0,12.0,23.0,34.0,45.0,"[(45, 1, '0.02'), (22, 1, '0.02'), (20, 1, '0.02'), (19, 1, '0.02'), (18, 1, '0.02'), (17, 1, '0.02'), (16, 1, '0.02'), (15, 1, '0.02'), (14, 1, '0.02'), (13, 1, '0.02')]"
Type,object,0,45.0,3.0,A,22.0,,,,,,,,"[('A', 22, '0.49'), ('B', 17, '0.38'), ('C', 6, '0.13')]"
Size,int64,0,45.0,,,,130287.6,63825.271991159236,34875.0,70713.0,126512.0,202307.0,219622.0,"[(39910, 3, '0.07'), (39690, 3, '0.07'), (203819, 2, '0.04'), (125833, 1, '0.02'), (207499, 1, '0.02'), (200898, 1, '0.02'), (151315, 1, '0.02'), (155083, 1, '0.02'), (37392, 1, '0.02'), (93638, 1, '0.02')]"
